Bob@hmail.com,Sue@hmail.com,2024-02-22 22:40:30.763425
Sue@hmail.com,Bob@hmail.com,2024-02-22 22:40:30.763425
Bob@hmail.com,Sue@hmail.com,2024-02-22 22:40:34.764732
Sue@hmail.com,Bob@hmail.com,2024-02-22 22:40:38.765973
Bob@hmail.com,Sue@hmail.com,2024-02-22 22:40:38.765973
Bob@hmail.com,Sue@hmail.com,2024-02-22 22:40:42.767631
Sue@hmail.com,Bob@hmail.com,2024-02-22 22:40:42.767631
Bob@hmail.com,Sue@hmail.com,2024-02-22 22:40:42.767631
Bob@hmail.com,Sue@hmail.com,2024-02-22 22:40:46.768806
Sue@hmail.com,Bob@hmail.com,2024-02-22 22:40:46.768806
Bob@hmail.com,Sue@hmail.com,2024-02-22 22:40:50.770612
Sue@hmail.com,Bob@hmail.com,2024-02-22 22:40:50.770612
Bob@hmail.com,Sue@hmail.com,2024-02-22 22:40:54.771951
Bob@hmail.com,Sue@hmail.com,2024-02-22 22:40:54.771951
Sue@hmail.com,Bob@hmail.com,2024-02-22 22:40:58.773637
Bob@hmail.com,Sue@hmail.com,2024-02-22 22:40:58.773637
Bob@hmail.com,Sue@hmail.com,2024-02-22 22:41:02.774609
Sue@hmail.com,Bob@hmail.com,2024-02-22 22:41:02.774609
Sue@hmail.com,Bob@hmail.com,2024-02-22 22:41:06.776111
Sue@hmail.com,Bob@hmail.com,2024-02-22 22:41:10.777034
Bob@hmail.com,Sue@hmail.com,2024-03-16 05:20:40.526342
Sue@hmail.com,Bob@hmail.com,2024-03-16 05:20:40.526342
Bob@hmail.com,Sue@hmail.com,2024-03-16 05:20:44.527813
Sue@hmail.com,Bob@hmail.com,2024-03-16 05:20:48.528413
Bob@hmail.com,Sue@hmail.com,2024-03-16 05:20:48.528413
Bob@hmail.com,Sue@hmail.com,2024-03-16 05:20:52.529612
Sue@hmail.com,Bob@hmail.com,2024-03-16 05:20:52.529612
Bob@hmail.com,Sue@hmail.com,2024-03-16 05:20:52.529612
Bob@hmail.com,Sue@hmail.com,2024-03-16 05:20:56.531018
Sue@hmail.com,Bob@hmail.com,2024-03-16 05:20:56.531018
Bob@hmail.com,Sue@hmail.com,2024-03-16 05:21:00.532425
Sue@hmail.com,Bob@hmail.com,2024-03-16 05:21:00.532425
Bob@hmail.com,Sue@hmail.com,2024-03-16 05:21:04.533628
Bob@hmail.com,Sue@hmail.com,2024-03-16 05:21:04.533628
Sue@hmail.com,Bob@hmail.com,2024-03-16 05:21:08.534973
Bob@hmail.com,Sue@hmail.com,2024-03-16 05:21:08.534973
Bob@hmail.com,Sue@hmail.com,2024-03-16 05:21:12.536175
Sue@hmail.com,Bob@hmail.com,2024-03-16 05:21:12.536175
Sue@hmail.com,Bob@hmail.com,2024-03-16 05:21:16.537614
Sue@hmail.com,Bob@hmail.com,2024-03-16 05:21:20.539053
